bacteria	UMAP0	UMAP1	UMAP2	UMAP3	UMAP4	UMAP5	UMAP6	UMAP7
ECOR-12	14.809212	4.479959	6.6143255	7.403806	5.9421725	6.080655	4.733537	5.0592604
IAI14	14.9231615	4.3496876	6.8305836	7.3559756	5.8455534	6.122035	4.6270623	4.8864675
ECOR-25	14.655961	4.4164953	6.713003	7.468843	5.975815	6.118094	4.856316	5.0611734
IAI19	14.6024	4.4807034	6.8060613	7.5321455	5.7901	6.12973	4.6413236	5.0326595
IAI20	14.739294	4.473202	6.7545724	7.4480863	5.8558683	6.0166335	4.7071238	4.993468
ECOR-10	14.815018	4.541599	6.677748	7.393733	5.884311	6.057627	4.772761	4.920318
ECOR-43_A	14.801326	4.4961452	6.6933713	7.4622025	5.9384556	6.0212064	4.7473907	5.0093656
NILS35	14.830219	4.5686707	6.62429	7.4144754	6.004658	6.0380177	4.81271	4.9920826
ECOR-05	14.763463	4.4911213	6.586963	7.472925	5.838805	5.8892474	4.8367605	5.083933
IAI11	14.79709	4.543779	6.651129	7.485918	5.9505095	5.971735	4.7759595	5.0424113
IAI26	14.603701	4.603272	6.7142467	7.425908	5.8015294	6.020253	4.7961607	5.024071
ECOR-01	14.636762	4.6203074	6.8069253	7.4273257	5.7638206	6.0381308	4.7794356	4.914751
IAI44	14.787725	4.366592	6.6697655	7.390666	5.8395877	5.976254	4.9452524	5.07763
ECOR-08	14.790266	4.4766865	6.7041674	7.441523	5.7297893	5.8724494	4.8549333	5.0183487
NILS07	14.728543	4.3629813	6.924796	7.4323363	5.7118125	5.8753433	4.6995296	4.7607484
ECOR-09	14.805506	4.303076	6.9647713	7.4181147	5.7234936	5.839956	4.678572	4.7595363
BE	14.884688	4.3509707	7.0578	7.359444	5.730583	6.0380244	4.723831	4.588824
NILS10	14.8495655	4.292724	7.0552506	7.4165273	5.8193016	6.0046144	4.8110538	4.6434
NILS13	14.853885	4.362496	6.9897428	7.3681784	5.7675467	5.9838595	4.7456617	4.670023
IAI07	14.833006	4.3395677	7.013787	7.4061112	5.8137383	6.0192842	4.7857156	4.6676073
ECOR-03	14.76461	4.515705	6.736179	7.397911	6.0543056	6.1311054	4.770787	4.9100537
NILS14	14.778344	4.557019	6.6987514	7.2944236	5.919468	6.1953354	4.741444	4.8412375
ECOR-13	14.821683	4.55758	6.6794763	7.286796	5.9143686	6.181828	4.753583	4.8294997
ECOR-02	14.757779	4.600138	6.712946	7.2594833	5.8456025	6.200705	4.7244463	4.732127
NILS11	14.7496395	4.6613116	6.726993	7.3415155	5.7071133	6.0141654	4.6654563	4.7235165
IAI06	14.7196045	4.6604347	6.7484164	7.316658	5.7003083	6.0173035	4.694996	4.7443023
IAI13	14.765451	4.593537	6.607211	7.4003563	5.9290195	6.1111016	4.6120033	4.993048
IAI25	14.72731	4.1467514	7.267742	8.224834	7.38177	6.011343	5.4423747	5.5385127
IAI09	14.721051	4.152291	7.2933364	8.218123	7.4002385	5.95623	5.4201183	5.514439
ECOR-14	14.678509	4.1856346	7.282914	8.153579	7.3378844	6.045167	5.390485	5.4713435
NILS08	14.664321	4.2152634	7.2244244	8.196351	7.3492208	5.962246	5.3628526	5.5501685
IAI22	14.682134	4.1988063	7.248796	8.193961	7.361749	5.9850535	5.3806996	5.5277324
IAI28	14.736796	4.1526303	7.3280635	8.151354	7.4319706	5.946795	5.332748	5.478216
IAI12	14.685194	4.1879063	7.2231197	8.220022	7.418119	5.84397	5.324578	5.605232
ECOR-07	14.556218	4.350499	7.3144803	8.371245	7.4827995	5.8516374	5.4016476	5.80572
IAI29	14.602395	4.267878	7.335204	8.297276	7.527082	5.8622694	5.2814636	5.711657
NILS17	14.918156	4.068276	7.4187613	8.363037	7.7821183	5.526737	5.368539	5.8186736
NILS12	14.822863	4.163233	7.3604455	8.420946	7.7103553	5.578459	5.416991	5.886098
ECOR-19	14.849638	4.1723146	7.267497	8.364927	7.630998	5.6497226	5.428108	5.8485847
ECOR-18	14.765464	4.2114205	7.3457313	8.4468975	7.6745477	5.6104426	5.433178	5.9098835
ECOR-21	14.693935	4.2806354	7.3363395	8.493739	7.677791	5.655198	5.421148	5.9783382
ECOR-20	14.752939	4.220483	7.331847	8.431331	7.6530247	5.6022162	5.4032207	5.909249
ECOR-06	14.738058	4.191823	7.3214583	8.390812	7.6373663	5.647487	5.3569927	5.867106
NILS41	14.6752825	4.2970653	7.2598352	8.43033	7.537618	5.729093	5.462587	5.8907256
BL21	14.648637	4.3307586	7.2501345	8.466693	7.533878	5.718399	5.4811926	5.9363794
ECOR-16	14.523606	4.4811435	7.323622	8.629385	7.681939	5.543107	5.4126067	6.219447
NILS04	14.54161	4.4194403	7.4292283	8.646103	7.770148	5.5050464	5.5019236	6.1378875
ECOR-22	14.490386	4.490712	7.30025	8.624312	7.6425433	5.535616	5.3930573	6.2215643
ECOR-17	14.53641	4.396033	7.352893	8.5722475	7.661987	5.5761523	5.3999796	6.1238303
NILS03	14.57433	4.400547	7.3616743	8.587704	7.694963	5.5826945	5.4300685	6.127224
ECOR-04	14.579566	4.418554	7.337459	8.590458	7.681559	5.6247044	5.4818144	6.137045
ECOR-15	14.56309	4.431143	7.3685555	8.639564	7.7179766	5.6126804	5.4611983	6.155221
NILS43	14.596765	4.382266	7.3949766	8.61109	7.7338395	5.5843277	5.4455733	6.1049075
H1-006-0003-S-L	3.201742	12.591066	5.7416883	2.6219523	8.170974	5.2237535	6.3370523	5.9739075
H1-002-0007-M-M	-0.1463751	14.506129	4.672268	5.008064	4.938877	6.185968	6.410135	6.579978
H1-004-0021-W-I	-0.2285038	14.554023	4.699709	5.054722	4.894042	6.124636	6.358406	6.5371585
H1-007-0015-D-G	-0.16233392	14.524516	4.7174697	5.0279098	4.9184737	6.159128	6.3790035	6.565002
NILS48	-0.19525756	14.440931	4.667578	4.9424725	5.004893	6.194798	6.4176254	6.64474
IAI41	-0.17015506	14.460748	4.6965938	4.962015	4.985553	6.1708903	6.3945117	6.624149
H1-002-0011-M-G	-0.16131414	14.492826	4.754131	4.9943976	4.952731	6.1278744	6.344771	6.592467
NILS34	-0.18878412	14.488538	4.7500014	4.989898	4.9573607	6.1043386	6.3280053	6.5950785
NILS40	-0.20426962	14.513617	4.7316456	5.0146785	4.9326024	6.1184254	6.343443	6.5701504
H1-001-0003-S-J	-0.30097842	14.525273	4.7125516	5.025043	4.923023	6.121844	6.349937	6.5582867
IAI42	-0.26264465	14.555468	4.7300935	5.056029	4.8917694	6.1427026	6.3687515	6.530205
H1-001-0154-T-K	-0.32409257	14.534935	4.711671	5.0339313	4.914349	6.1045713	6.334551	6.5466924
PDP351	-0.33994967	14.590134	4.643951	5.089517	4.858607	6.1664453	6.397636	6.493012
H1-001-0121-Q-J	-0.36307856	14.472989	4.782873	4.972377	4.975672	6.0232387	6.2529855	6.603815
IAI08	-0.3272086	14.526908	4.732597	5.0264087	4.921993	6.0901823	6.3194413	6.5541835
IAI18	3.346424	12.53415	5.8913302	2.4793296	8.022327	5.0799313	6.485859	5.82502
H1-001-0013-L-J	3.2979121	12.618542	5.8517995	2.5139065	8.0627985	5.1315866	6.4466615	5.873859
H1-001-0020-M-O	3.2393262	12.578582	5.8058925	2.539658	8.1004715	5.1899667	6.403092	5.9242945
H1-003-0090-V-J	3.2687793	12.623801	5.869293	2.467812	8.033683	5.1612077	6.463035	5.870775
PDP110	3.2274268	12.562449	5.7804427	2.5701458	8.130885	5.1999273	6.376127	5.9468513
H1-003-0105-C-R	3.2333143	12.567133	5.7863793	2.5651014	8.124489	5.194509	6.383829	5.9409738
H1-003-0115-L-R	3.2304075	12.553635	5.7753897	2.5800061	8.139252	5.1961837	6.370447	5.9516506
IAI43	3.1806705	12.719095	5.9949865	1.9567984	7.6623006	5.2746243	6.8078747	5.7619925
ECOR-71	3.1366389	12.772659	6.0932975	1.8759252	7.6083875	5.354542	6.784355	5.8381925
H1-007-0037-H-D	3.1820319	12.765199	6.0988536	1.8765296	7.618179	5.301369	6.774765	5.855316
H1-003-0079-G-R	3.1341517	12.7520895	6.1349773	1.8881493	7.6236353	5.3465934	6.6951694	5.9022455
ECOR-70	3.1720574	12.830056	6.1783414	1.8280094	7.6524167	5.3973837	6.783603	5.925432
H1-005-0012-L-M	3.0888183	12.704228	6.0414634	1.8650957	7.5670485	5.3798065	6.772034	5.827998
H1-003-0071-C-J	3.1163878	12.838364	6.010542	1.9305452	7.6519175	5.3981867	6.821357	5.8642316
NILS47	3.1471198	12.705732	6.0178714	1.9704254	7.681916	5.2803197	6.6886396	5.8111753
H1-003-0088-B-J	3.183048	12.782501	6.23645	1.8563033	7.618199	5.3242297	6.695305	5.9774647
H1-001-0131-C-A	3.105698	12.767402	6.1754694	1.8940365	7.618294	5.3771024	6.6748657	5.9225616
H1-003-0120-P-R	3.0295265	12.733937	6.155712	1.9558415	7.6114945	5.4136653	6.607985	5.9065223
H1-002-0060-C-T	2.958806	12.7719	6.03041	2.0112424	7.7010026	5.496218	6.6057196	5.8126373
H1-005-0065-L-P	2.929116	12.79482	6.0539865	1.9941291	7.6885457	5.52947	6.6125197	5.796313
NILS15	2.9287848	12.774008	6.037507	2.004341	7.698122	5.52425	6.584568	5.821258
H1-006-0022-L-R	3.1431162	12.717781	6.006876	2.101786	7.7841783	5.303436	6.6058474	5.889291
H1-003-0116-V-R	3.1589782	12.727808	6.0178347	2.060897	7.7520027	5.2959905	6.6411586	5.892156
ECOR-72	3.3905554	4.102765	18.31301	6.0049753	3.3836997	3.4135196	4.185335	5.281767
ECOR-58	3.4137626	4.2998004	18.355288	6.0351567	3.32089	3.64722	4.3971744	5.3366766
ECOR-28	3.5824878	4.2450824	18.693008	5.967176	3.315621	3.6748707	4.454593	5.13972
ECOR-45	3.6062627	4.31702	18.699211	5.9286413	3.2966828	3.7020416	4.5121903	5.1544366
55989	3.596574	4.2713833	18.678513	5.9668646	3.3023403	3.6847122	4.4842796	5.129507
ECOR-67	3.5596838	4.4111433	18.580254	5.8386955	3.361771	3.6991928	4.5642347	5.227746
NILS02	3.605528	4.2956142	18.673405	5.882545	3.2784185	3.728645	4.525389	5.148031
ECOR-26	3.5385797	4.285476	18.602573	5.9002223	3.278775	3.7044845	4.526587	5.182271
ECOR-27	3.4997585	4.3251863	18.545948	5.921566	3.3477173	3.6387043	4.5516434	5.2112784
IAI01	3.4248142	4.2393236	18.446514	5.9414964	3.343134	3.5843925	4.4230895	5.2372375
LF50	3.349471	4.074339	18.389103	5.956006	3.391592	3.5982158	4.3222938	5.033323
H1-001-0125-B-M	3.2765877	4.221944	18.288294	6.075359	3.2748566	3.6178696	4.5976996	5.2009454
ECOR-34	3.2673128	4.212947	18.320612	6.061808	3.3111794	3.6021085	4.555822	5.205122
H70	3.4085777	4.56706	17.864874	5.7735605	3.2480698	4.043941	4.632033	5.11649
H47	3.3522732	4.757434	17.607187	5.720414	3.2271562	4.269972	4.7424994	5.0125933
H4	3.4445276	4.9243965	17.442738	5.667804	3.262224	4.390033	4.802445	4.9499383
H1-001-0093-R-A	3.3536468	4.9733915	17.393711	5.5785327	3.167466	4.4641604	4.890625	4.8609385
ROAR082	3.3940308	4.9177265	17.43743	5.6141257	3.212469	4.4241753	4.854797	4.897968
ROAR047	3.4039395	4.9181795	17.450998	5.624443	3.2204776	4.411861	4.8443384	4.9083557
ROAR061	3.3261843	4.844574	17.369072	5.543615	3.1400247	4.493729	4.9259534	4.8270154
ROAR072	3.4222994	4.9337106	17.441448	5.6185913	3.22959	4.41806	4.848937	4.904834
H48	3.3901484	4.9004936	17.425135	5.59459	3.2003906	4.4410806	4.874973	4.877793
NILS24	3.4997544	4.288849	18.388077	5.922725	3.392179	3.6406116	4.3955984	5.196855
ROAR334	3.4285345	4.1698494	18.3049	5.7664375	3.2611847	3.6965284	4.272062	5.300876
LM07	3.3678114	4.076303	18.259192	5.7432065	3.2879024	3.6775668	4.330427	5.263211
H1-001-0027-S-G	3.361091	4.130226	18.304	5.8739986	3.247294	3.6053026	4.36421	5.223502
NILS49	3.3938544	4.047321	18.393139	5.738921	3.3129866	3.696145	4.217211	5.2705584
BCH953	3.3715005	4.0527725	18.363014	5.7434545	3.304271	3.6824753	4.223651	5.2691045
H1-002-0064-E-M	3.3618774	4.030758	18.368355	5.701723	3.3491874	3.6924846	4.2542753	5.2345967
H1-005-0058-M-A	3.2969966	4.112063	18.326492	5.913177	3.2887456	3.553965	4.415212	5.20082
H1-003-0010-G-J	3.3054237	4.1938887	18.181433	5.8558555	3.0670664	3.582583	4.248513	5.1598
ROAR400	3.3542962	4.175264	18.294601	5.9527974	3.3166764	3.4893272	4.37616	5.2197704
H14	3.1935306	3.907058	18.226168	5.8611097	3.2058232	3.4956057	4.169452	5.2803435
H1-004-0017-B-M	3.2484524	3.961643	18.274006	5.853748	3.2202988	3.5659757	4.2434387	5.263131
ROAR178	3.2238815	3.9386024	18.245565	5.8148518	3.2091968	3.5225062	4.1815376	5.2752686
ROAR419	3.176021	3.8844132	18.264519	5.8563538	3.2278476	3.5365367	4.1894135	5.2655106
ROAR205	3.3608491	4.086253	18.375706	5.842642	3.1526716	3.6407945	4.3845572	5.1813693
ECOR-29	3.4849424	4.3229604	18.072243	5.9575176	3.1997595	3.744031	4.4843206	5.5206833
ECOR-32	3.444884	4.2821007	18.039236	5.9767513	3.1721191	3.717081	4.4514127	5.536321
ECOR-33	3.4282022	4.2707367	18.040682	6.000298	3.1648128	3.6879268	4.434388	5.5429235
ECOR-30	3.4343197	4.2803516	18.014565	6.004064	3.1559777	3.7017496	4.4425626	5.5616746
IAI21	3.4163551	4.431188	18.470207	6.0181623	3.338535	3.4179068	4.640941	5.0828886
IAI02	3.4130692	4.371636	18.439394	6.0511584	3.393666	3.4012346	4.597342	5.152359
NILS33	3.424765	4.353285	18.452429	6.018727	3.3838327	3.4416378	4.5747695	5.1602817
ECOR-69	3.399745	4.3279543	18.451496	6.0240154	3.414913	3.4186645	4.5437393	5.1706705
B691	-1.309665	0.02452853	9.588721	13.944524	8.252129	0.28650203	5.695621	0.9266981
ROAR344	-1.2768071	0.057400767	9.55576	13.91187	8.219372	0.31927818	5.7274604	0.95965767
ATCC35469T	-1.3031288	0.03112784	9.58205	13.938387	8.245827	0.29289708	5.701735	0.9334465
B253	-1.2956842	0.03885207	9.573848	13.933321	8.239736	0.29948974	5.7073274	0.94201005
E_fergusonii-IVAN	-1.2958192	0.0392142	9.573349	13.935578	8.241261	0.29864052	5.705516	0.94339895
B992	1.9669873	7.913349	0.2347668	9.140713	13.399234	2.096896	-2.1741123	8.387192
S1-84	2.056013	8.002495	0.3237464	9.0517435	13.488348	2.0077841	-2.0851634	8.29815
S1-109	1.989933	7.9364057	0.25767538	9.11781	13.422238	2.0738738	-2.1512158	8.364222
E_albertiiCIP107988T	2.0528402	7.9993963	0.32055068	9.054954	13.485293	2.0108533	-2.088361	8.301311
S1-91	2.0322087	7.978677	0.2999478	9.075536	13.464519	2.0316033	-2.1089537	8.321947
B090	2.0782444	8.024776	0.3459543	9.029534	13.510565	1.9855269	-2.062953	8.275896
B156	2.0230322	7.9695077	0.29078305	9.084692	13.455355	2.0407712	-2.1181283	8.331112
ROAR019	4.5274754	7.158101	2.132336	13.553622	5.7306366	4.247753	7.527862	10.492794
B1147	4.563511	7.1990438	2.2111187	13.510422	5.7606654	4.2701902	7.4063	10.54608
ROAR043	-2.3651261	-1.0649608	4.695264	5.948369	-2.040479	-0.15074775	10.686857	-3.0857286
ROAR129	-2.2967691	-0.99659055	4.626901	5.880009	-1.9721243	-0.08239049	10.618498	-3.0173743
ROAR292	-2.3356898	-1.0355077	4.665818	5.918926	-2.0110395	-0.12131156	10.657421	-3.0562916
ROAR130	-2.3812344	-1.0810568	4.711374	5.9644847	-2.0565987	-0.16684957	10.702957	-3.1018355
ROAR176	-2.3343096	-1.0341408	4.6644382	5.917557	-2.009669	-0.11992799	10.656036	-3.054925
ROAR220	-2.364324	-1.0641509	4.6944594	5.9475675	-2.039681	-0.14994174	10.686051	-3.0849273
ROAR145	-2.3300996	-1.0299541	4.6602182	5.913338	-2.0054364	-0.11572689	10.651831	-3.050712
B49	4.5594797	7.1094875	2.441214	13.472303	5.976201	4.181255	7.1297665	10.738222
ROAR116	4.560044	7.0978045	2.4776702	13.4624815	5.9881325	4.1811147	7.1071315	10.742338
ROAR438	4.6097918	7.194571	2.3978605	13.529225	5.9207683	4.1931	7.2415977	10.744479
ROAR291	4.487127	7.0943494	2.3314095	13.397348	5.884927	4.2836714	7.1591816	10.667278
E1492	4.5938134	7.1226144	2.3207626	13.636681	5.813764	4.1640587	7.374182	10.7471285
M863	4.7288795	7.2398987	2.1926265	13.835395	5.807782	4.0428896	7.487317	10.642162
E4962	4.7102203	7.220848	2.2962854	13.706727	5.7746553	4.1319675	7.472092	10.6709385
370D	4.7086835	7.218579	2.248419	13.788597	5.7856607	4.0606627	7.5121474	10.629116
H384	4.7751417	7.2430577	2.1542993	13.929181	5.8491006	3.9702275	7.4666963	10.599766
H009	4.662187	7.2114935	2.3028462	13.777438	5.78734	4.0222254	7.553933	10.568293
TW10509	4.783927	7.201747	2.1717188	13.922837	5.8448577	3.973706	7.4349403	10.587682
H442	4.7880044	7.1790075	2.2235615	13.905371	5.8681264	3.9732862	7.4168744	10.576865
E2052	4.6856513	7.1641555	2.1366427	13.8687	5.738478	4.110863	7.4360795	10.581265
E7519	4.678881	7.2294245	2.163008	13.817399	5.74841	4.1060443	7.515867	10.648141
NILS31	4.750607	7.2185884	2.1678994	13.902934	5.824584	4.004098	7.4632955	10.613106
H1-003-0019-B-M	4.527909	7.106821	2.1145344	13.564707	5.6845455	4.4102063	7.425442	10.673412
ROAR185	4.5267167	7.098201	2.0649183	13.562084	5.670595	4.4431267	7.434419	10.658947
IAI32	4.547194	7.155943	2.1713982	13.475713	5.712906	4.384872	7.3763785	10.67383
IAI45	4.5532904	7.1367345	2.1510491	13.542798	5.7056704	4.365331	7.4147544	10.647851
B12I13	4.5660157	7.1547427	2.2935517	13.452206	5.700222	4.326513	7.4157243	10.626261
H1-004-0007-O-M	4.583711	7.1430373	2.3462021	13.444446	5.685834	4.308663	7.4163437	10.666625
C2-119	4.598427	7.089697	2.3843083	13.477561	5.6572666	4.2437034	7.406327	10.630462
B1747	4.625656	7.233742	2.4074004	13.369832	5.7045655	4.3061776	7.469415	10.644221
ECOR-48	3.9988446	-6.646161	6.2007594	5.17177	2.2171292	4.9569006	6.0893865	6.285919
NILS23	4.025365	-6.690653	6.239789	5.1113024	2.1934361	4.8491545	6.194374	6.3049483
ECOR-46	4.1496234	-6.635489	6.298278	4.9463124	2.259405	4.77521	6.3170624	6.2335196
NILS56	4.135745	-6.666039	6.2332973	4.9248123	2.293161	4.8269124	6.278369	6.210437
ECOR-49	4.1105247	-6.666733	6.238411	4.9298983	2.2364652	4.840237	6.255872	6.2684326
ECOR-50	4.026403	-6.726635	6.3341093	5.042059	2.2273722	4.7478333	6.258583	6.2765913
NILS42	4.1352882	-6.6794395	6.3565373	4.987943	2.2313805	4.7619863	6.3147435	6.241415
NILS52	4.0441046	-6.7519317	6.3102365	5.0508122	2.196483	4.8484216	6.1931024	6.26828
NILS51	4.1100674	-6.650169	6.2637286	5.061618	2.3830419	4.847143	6.2264085	6.0745273
DIJ07	4.018725	-6.707418	6.382979	5.27294	2.2430453	5.0449166	5.9887934	6.1687703
LM40	4.06716	-6.7370815	6.454906	5.3528614	2.2814305	5.138934	5.9085197	6.108584
LM02	4.0964003	-6.723956	6.500686	5.3642364	2.3334577	5.161254	5.9126825	6.0075316
NILS18	4.0260906	-6.81992	6.4635215	5.3939924	2.3920686	5.1650414	5.8361692	6.070831
NILS39	4.1682053	-6.695472	6.492153	5.2740026	2.3952591	5.0510006	6.0148606	5.9585967
NILS50	4.112137	-6.7297864	6.487216	5.3483896	2.3543086	5.1514025	5.920324	5.9976516
NILS01	4.1871877	-6.764552	6.548867	5.2469893	2.326978	5.058573	6.0127277	5.9857335
PDP21	4.0955954	-6.7436323	6.491279	5.397869	2.4345722	5.164204	5.890267	5.934708
NILS46	4.0392222	-6.8174314	6.4930925	5.362142	2.380991	5.139368	5.8955727	6.0155497
LM08	4.086713	-6.7604938	6.472666	5.3479347	2.3703964	5.1299834	5.9112425	6.0076346
BDX03	4.0468726	-6.700756	6.4079633	5.2793555	2.2836494	5.1169686	5.95804	6.160474
IAI30	4.078181	-6.7637453	6.446589	5.180522	2.2987394	4.9890447	6.072558	6.106444
IAI27	4.0589876	-6.769164	6.435236	5.231989	2.3422103	5.0037174	6.035442	6.068784
ECOR-47	4.112588	-6.688335	6.350091	5.110327	2.3070614	4.973036	6.0983276	6.1469536
NILS38	4.087477	-6.7066193	6.325626	5.114849	2.297193	4.95186	6.1105704	6.162588
IAI24	4.1477084	-6.6730757	6.3094378	5.1661496	2.4416556	5.092481	5.9526587	6.0016265
ECOR-44	4.109393	-6.724742	6.3688045	5.1751723	2.3644602	5.0371876	6.0289717	6.0619426
IAI33	7.400803	1.4785981	-6.078879	4.6290855	11.369515	7.689723	8.165447	6.8572793
IAI39	7.6371255	1.4752864	-5.9230423	4.5724745	11.475121	7.457255	8.04537	6.886231
IAI36	7.6679826	1.4425572	-5.890565	4.584851	11.479487	7.426335	8.012365	6.8668675
ECOR-40	7.6336637	1.4536004	-5.925497	4.587391	11.465903	7.4606166	8.0472	6.8691125
ECOR-41	7.670742	1.4878287	-5.9102316	4.5503116	11.505147	7.4236403	8.036666	6.905028
ECOR-38	7.6550827	1.4680581	-5.906489	4.5707707	11.484058	7.4392753	8.0291815	6.8848295
ECOR-39	7.656888	1.4703425	-5.9037547	4.5685105	11.486356	7.4372673	8.026329	6.8871284
IAI35	7.2682695	1.4501987	-6.198222	4.692394	11.286541	7.82143	8.274202	6.8050995
NILS36	7.325657	1.4803824	-6.1429996	4.646252	11.335664	7.763631	8.220602	6.8475385
ECOR-36	7.2794957	1.4588366	-6.191093	4.6898756	11.287041	7.8103933	8.269711	6.808802
ECOR-35	7.3503056	1.4997733	-6.119185	4.625664	11.357994	7.7395563	8.19738	6.86879
IAI58	7.3077865	1.4756676	-6.161691	4.6611524	11.319348	7.7820573	8.239731	6.835318
NILS76	-1.8391407	3.3857417	7.4943724	0.36464232	2.1936772	-1.9585748	10.926357	7.3084598
NILS44	-1.8639233	3.356989	7.4361043	0.35421598	2.1486816	-1.942704	10.904112	7.3404064
NILS53	-1.9254047	3.4119399	7.4678316	0.29921046	2.1675007	-1.9190786	10.960418	7.3216414
LM33	-2.0459197	3.5582142	7.5206556	0.117785454	2.14436	-2.0396457	11.100986	7.1927967
NILS19	-2.0348682	3.4606059	7.5001907	0.20850624	2.1900082	-1.92834	11.01999	7.3069015
NILS73	-2.0668633	3.4711924	7.469517	0.17264023	2.1535664	-1.9627265	11.011864	7.2765503
NILS27	-2.023669	3.4738634	7.498829	0.21154839	2.1319835	-1.9947468	11.037166	7.2429338
NILS25	-2.0624838	3.4289944	7.4571133	0.19126306	2.2234254	-1.8902085	10.9760685	7.348217
NILS55	-2.0681849	3.4393134	7.476718	0.205521	2.1815982	-1.9138637	10.999278	7.325573
NILS64	-2.042286	3.4042342	7.4049263	0.23799595	2.0882108	-1.9934324	10.959573	7.274276
LI10	-2.0833807	3.4962494	7.501375	0.15077533	2.176979	-1.9390628	11.054711	7.2931457
ECOR-66	-1.9871235	3.5226362	7.5352516	0.17926338	2.1903777	-1.997727	11.071615	7.2329473
NILS63	-1.9171618	3.5725985	7.5996556	0.15669279	2.2322628	-2.0548897	11.107608	7.173263
NILS69	-1.9392102	3.5183818	7.552291	0.2164064	2.2016199	-2.0079465	11.061849	7.225018
FN89	5.386272	2.241351	7.602992	-6.259488	6.3363614	1.7433059	6.9419217	0.65180343
FN126	5.4751053	2.2141845	7.6742883	-6.284165	6.273166	1.7781311	6.9369473	0.6512801
S1-11	5.482955	2.218157	7.6364512	-6.248903	6.2982335	1.7399188	6.8972206	0.6110941
FN116	5.671458	2.3361347	7.8307776	-6.4184794	6.363538	1.7632682	6.846014	0.5837809
FN-B9	5.669549	2.3131282	7.8315873	-6.417231	6.363184	1.7570069	6.8603053	0.5674443
S2-1	5.514889	2.0300176	7.8331313	-6.0747113	6.312384	1.5935459	6.868553	0.49998224
H1-003-0035-D-E	5.4662547	1.9782696	7.792284	-6.1740394	6.37122	1.6754425	6.9355006	0.5758669
Asp51g	5.5052705	2.0741243	7.831601	-6.1031747	6.3017755	1.6135485	6.8791056	0.5190677
S1-76	5.5330553	1.9932677	7.8839755	-6.038897	6.3315725	1.5516428	6.845602	0.465661
ECOR-63	5.782163	1.3804725	8.042488	-5.678751	7.545781	1.0818286	6.440138	0.04611982
IAI47	5.736219	1.428487	8.012457	-5.7258286	7.4445524	1.1392108	6.5066705	0.112685524
NILS58	5.751396	1.3294026	8.0100355	-5.6317606	7.57197	1.0622561	6.4668584	0.060622185
NILS28	5.8497577	1.323714	8.106222	-5.621031	7.6183023	1.0187536	6.367245	-0.02512568
IAI67	5.902053	1.3791404	8.158137	-5.6758814	7.57511	1.066585	6.3177943	-0.026192723
ECOR-64	5.833544	1.3678275	8.072534	-5.663102	7.603996	1.0542579	6.380593	-0.0074926717
IAI80	5.8619113	1.3563952	8.118156	-5.652829	7.608417	1.044115	6.356883	-0.02219415
IAI79	5.8427014	1.316705	8.097478	-5.614096	7.628925	1.0118825	6.369404	-0.035545196
IAI81	5.824712	1.3556018	8.081914	-5.6530805	7.57982	1.0512732	6.3988905	0.0089954985
IAI78	5.858381	1.3444543	8.112461	-5.6417546	7.577508	1.046577	6.399682	0.013845374
NILS77	5.447188	2.2683985	7.9748797	-6.4664545	6.2442045	1.8047521	6.936933	0.61543596
381A	5.446712	2.225647	7.861732	-6.462167	6.3176894	1.7848271	6.9728346	0.6585249
colF12g	5.410847	2.3159614	7.935053	-6.538596	6.298549	1.7936479	7.019135	0.67868024
001-031-c1	5.4376397	2.3096166	8.018566	-6.466933	6.279216	1.8032498	6.9525833	0.617372
013-008	5.449183	2.228043	7.921019	-6.528578	6.2584853	1.8299259	6.9836917	0.6639342
034-008	5.5523133	2.1911752	7.8860917	-6.3845787	6.061788	1.8454864	6.8713546	0.59241945
NILS20	5.716964	2.1102767	7.8631544	-6.2933116	6.080389	1.7695915	6.8171673	0.5438089
Ben4d	5.524037	2.187317	7.912919	-6.3278584	6.168454	1.7895371	6.97971	0.6488216
035-004	5.5753713	2.16433	7.8221164	-6.2867727	6.1300735	1.7890263	6.9161186	0.6135594
ED1a	5.625894	2.211354	7.945511	-6.3762226	6.1593633	1.8939534	6.8955755	0.6349937
034-026-c1	5.587414	2.1673794	7.864794	-6.3435726	6.180199	1.8226124	6.9260306	0.63881457
IAI48	5.68516	2.0509086	7.8379164	-6.218992	6.1003323	1.820491	6.983196	0.67994183
VDG427	5.5549293	2.0946825	7.859355	-6.3028994	6.181765	1.797047	6.9998546	0.6921247
T205	5.516217	2.2433434	7.9933558	-6.4383802	6.161908	1.8272221	6.949594	0.61561245
NILS68	1.683895	9.772291	8.204028	-2.456468	-2.1575947	3.0474715	7.471635	3.4908576
ECOR-61	1.5208262	9.988521	8.0070715	-2.410596	-2.3469725	2.9949574	7.5630026	3.6829035
ECOR-62	1.5690929	9.914983	8.081122	-2.4724023	-2.2733388	2.9738047	7.5435505	3.621736
IAI59	1.5615662	9.938183	8.060697	-2.480462	-2.2924223	2.9682398	7.53937	3.6375916
IAI38	1.5528331	9.948489	8.047285	-2.4531312	-2.3059163	2.980361	7.5457163	3.6472888
IAI46	1.3713025	9.669556	8.29938	-2.7943056	-1.9772755	2.8480039	7.6614923	3.641621
LF7074	1.3727694	9.663517	8.304199	-2.8058243	-1.9722776	2.8464093	7.670163	3.662275
IAI56	1.4054489	9.694932	8.272046	-2.7606084	-2.0037968	2.884145	7.6340213	3.652806
IAI61	1.4133801	9.696062	8.279824	-2.775764	-2.0061748	2.8606122	7.636898	3.635387
AL505	1.6629492	9.7850895	8.240691	-2.6647356	-2.133441	2.8827915	7.511452	3.514305
NILS57	1.6243768	9.816375	8.217428	-2.716546	-2.1552997	2.8400187	7.511412	3.5412965
NILS82	1.6388354	9.773341	8.256186	-2.6855745	-2.1149669	2.8648229	7.497936	3.5052118
NILS78	1.5659138	9.779493	8.253113	-2.7745173	-2.1010725	2.8010955	7.5444965	3.5580335
IAI66	1.6111867	9.761334	8.280491	-2.7253315	-2.086779	2.8330698	7.479064	3.4898543
NILS67	1.5928718	9.765979	8.254291	-2.6736462	-2.0925798	2.8961055	7.5238743	3.5505207
IAI60	1.5281891	9.691036	8.306463	-2.6447968	-2.0182388	2.9243624	7.5948114	3.5943532
IAI69	1.6610059	9.813526	8.169205	-2.4531791	-2.1989708	3.0085115	7.50841	3.521824
IAI65	1.6127012	9.848499	8.134298	-2.463364	-2.2238338	2.9861846	7.5444875	3.572485
NILS21	1.7474899	9.764295	8.210546	-2.4126322	-2.1787539	3.0146	7.496761	3.4378033
NILS66	1.7503138	9.742361	8.2401085	-2.4351978	-2.1461527	2.9829326	7.535208	3.4325483
ECOR-53	4.978544	3.5642922	5.9946322	-2.830575	4.510823	7.486294	5.5652523	5.2689266
IAI77	4.984342	3.5689015	5.99019	-2.8263595	4.520234	7.491811	5.5737805	5.250562
NILS70	4.914858	3.4919918	6.062588	-2.8970754	4.496338	7.421485	5.5026712	5.2105975
NILS75	4.9601946	3.545577	6.0251846	-2.861316	4.5037785	7.4686103	5.5467987	5.252829
IAI71	4.94314	3.5181286	6.0434237	-2.8796706	4.487675	7.4394293	5.5292997	5.2403474
ECOR-59	4.9675765	3.532702	6.022587	-2.8586102	4.4920177	7.4574695	5.554366	5.2628284
ECOR-60	4.9666142	3.540442	6.019059	-2.8551216	4.497997	7.4624834	5.553288	5.258796
AN17	4.1523294	2.129731	6.2259965	-3.0016932	4.185748	6.8156333	4.8447294	4.861793
T147	4.142454	2.0937784	6.243033	-2.9953017	4.179521	6.704562	4.823625	4.9639435
NILS71	4.130536	2.128678	6.266622	-2.9577057	4.2004795	6.7097015	4.840141	4.9449353
NILS59	4.1489897	2.1968572	6.2365613	-2.9604404	4.2232466	6.729394	4.8539276	4.867455
LF31	4.142932	2.1450884	6.260924	-2.9681325	4.1964936	6.7359357	4.8492146	4.9298987
ECOR-52	4.204421	1.989833	6.3187337	-3.0468614	4.0552635	6.7638674	4.83061	5.065222
ECOR-54	4.1942086	2.0155587	6.312208	-3.0370843	4.079086	6.7785497	4.8346934	5.043494
DIJ06	4.128467	1.9654552	6.268941	-2.973552	4.1365213	6.768918	4.878469	5.0813365
ECOR-51	4.202789	2.0350983	6.3668246	-3.0268972	4.0584483	6.6969137	4.816278	5.0483594
ECOR-55	4.1832247	2.0060747	6.3150535	-3.0427895	4.085921	6.7409806	4.82443	5.051623
IAI72	4.102355	1.9347275	6.2285647	-2.9694152	4.1410675	6.7014546	4.880316	5.085563
IAI54	4.178233	1.8874066	6.2254605	-3.0490417	4.0606503	6.675071	4.8351574	5.1452837
ECOR-57	4.1492844	1.8691221	6.228549	-3.0270717	4.0904145	6.7573113	4.857083	5.150815
IAI68	4.019802	2.0302684	6.2416086	-2.8851695	4.2304363	6.5924377	4.8685255	5.043661
ECOR-56	4.0425677	2.0341046	6.2439547	-2.9044328	4.214799	6.6133795	4.8639517	5.0364904
NILS74	3.9831612	2.0284247	6.2245135	-2.8577476	4.2559137	6.557315	4.8773313	5.0495872
536	4.928764	0.3956171	2.6216185	-2.7880723	7.038409	6.2574253	1.4645138	3.5810645
IAI82	4.947428	0.34156215	2.5586019	-2.8305833	6.9968786	6.206478	1.4486927	3.5399947
IAI73	4.9918675	0.33687565	2.5397127	-2.8756135	7.048756	6.2037816	1.4009284	3.493158
IAI57	4.934921	0.5328886	2.7976546	-2.6524518	6.961958	6.38757	1.4696451	3.7090776
IAI75	4.867418	0.4410142	2.7168458	-2.714931	7.042882	6.291078	1.5220119	3.6524272
IAI62	4.8613644	0.42154205	2.7252946	-2.6821806	7.011852	6.273408	1.5345457	3.686338
IAI76	4.9088006	0.41365308	2.7652364	-2.6886225	7.0609813	6.2647305	1.4868623	3.682657
IAI63	4.8040853	0.3999405	2.679946	-2.660169	6.9709964	6.252947	1.5906415	3.7082677
NILS79	4.8942995	0.47387433	2.7509556	-2.7364588	7.0542793	6.3256497	1.4942061	3.6310022
NILS72	4.8696494	0.43830442	2.713521	-2.709453	7.0212526	6.290359	1.5233411	3.658621
NILS29	4.913946	0.43915185	2.7257748	-2.7146604	7.0138254	6.2952886	1.4838039	3.6509843
NILS65	4.8585153	0.42777193	2.6946077	-2.6802053	6.9825077	6.28223	1.5424176	3.6873276
IAI64	4.622147	0.5487507	2.6940856	-2.6476684	6.9204903	6.3905487	1.759867	3.7103586
NILS81	4.6170125	0.5908694	2.6411252	-2.7186494	6.878643	6.4064684	1.7104509	3.6348994
IAI55	4.647839	0.54285437	2.683653	-2.6753414	6.9204226	6.3765383	1.7247018	3.68437
IAI70	4.599579	0.572813	2.6601224	-2.6889527	6.893486	6.3946557	1.7644491	3.669383
IAI53	3.832075	2.3808606	6.272659	-2.9272344	4.3058105	7.757383	4.7689643	3.7238598
NILS26	3.7302542	2.2266102	6.2330365	-2.882176	4.406906	7.8498645	4.854759	3.83416
NILS80	3.801205	2.2566767	6.1749654	-2.8298666	4.2970767	7.8773694	4.7510934	3.8294086
NRG807C	3.766728	2.2828698	6.2981725	-2.9533124	4.4583964	7.770308	4.916976	3.7727408
LF82	3.770599	2.2825923	6.2508907	-2.9072602	4.4691634	7.826128	4.9069514	3.773628
LF73	3.753074	2.2688048	6.294972	-2.9483218	4.463599	7.783714	4.9150286	3.7869573
NILS61	3.6859472	2.2041194	6.1855106	-2.8140008	4.4632125	7.9496193	4.866673	3.8500876
MT1B1	3.6735792	2.1821802	6.168401	-2.7944312	4.457673	7.984712	4.8539367	3.8530633
IAI51	3.7010062	2.1724806	6.132148	-2.7473195	4.3616686	7.983154	4.760489	3.7881322
NILS54	3.6107578	2.1306229	6.128117	-2.7480414	4.511913	8.039211	4.880756	3.906489
IAI74	3.6824892	2.190841	6.172971	-2.79931	4.486142	7.968442	4.8914084	3.855882
T145	3.636379	2.1624615	6.158221	-2.7839425	4.4878883	8.002678	4.8726683	3.8880887
NILS62	3.589966	2.1037614	6.215945	-2.8033948	4.414635	8.063161	4.7964063	3.8857977
ECOR-65	5.659755	2.191016	7.8863683	-6.3534627	6.123495	1.828133	6.880938	0.5652318
IAI49	5.4702525	2.2689626	8.004413	-6.511644	6.278874	1.8268496	6.9861917	0.6898325
FN-B4	5.357683	1.8131182	7.7355638	-6.5446825	6.379365	1.9276685	7.0789237	0.8066268
E2348_69	5.443893	1.7543079	7.8131924	-6.5757217	6.4177356	1.8524823	7.0454183	0.7280074
FN-B7	5.402133	1.7908585	7.7744036	-6.522628	6.3818045	1.888027	7.070421	0.7687567
DEC2a	5.4676585	1.811881	7.8452272	-6.5334053	6.392554	1.8231946	7.0214057	0.697538
DEC1a	5.481726	1.7818397	7.827906	-6.5258965	6.45542	1.8146775	6.980299	0.6884496
E1426	2.0070527	9.33071	-1.8172458	4.7929106	1.2978343	1.4874156	3.6992347	1.5206056
921A	1.9850258	9.325014	-1.779737	4.756032	1.2888181	1.4899484	3.717015	1.5222763
916A	2.017661	9.334107	-1.8016926	4.781587	1.2508798	1.4848917	3.6870427	1.4862034
H95	1.9841536	9.262627	-1.8447663	4.83043	1.2505537	1.5561845	3.735243	1.4672875
H1-002-0069-V-G	1.9563668	9.291173	-1.8509841	4.8312936	1.3087535	1.5262309	3.7375083	1.5125973
001-023	1.9216328	9.213352	-1.7874824	4.780593	1.2485101	1.6069999	3.7959363	1.4439604
003-026	1.8736197	9.117969	-1.730703	4.762054	1.2073119	1.7052639	3.880455	1.369231
ROAR434	1.8880198	9.131664	-1.7278439	4.754033	1.2171346	1.6909883	3.8554654	1.3861398
B1932	1.9115765	9.054838	-1.7473187	4.7868	1.1916673	1.7677743	3.8779366	1.3547233
H1-003-0054-P-P	1.8117956	9.076557	-1.6264974	4.70255	1.1612147	1.7511528	3.9745111	1.2829823
NILS60	1.8882706	9.119043	-1.6894377	4.721683	1.195605	1.7112752	3.8921566	1.3550426
H1-001-0053-K-C	1.8509729	9.126321	-1.668948	4.716436	1.1959715	1.7009858	3.9341247	1.3104373
H1-001-0034-S-M	1.9623455	9.0505905	-1.7486131	4.8196864	1.0856285	1.7865545	3.9819272	1.2277567
H1-001-0155-M-I	1.8868505	9.121713	-1.71441	4.761182	1.1823355	1.7063209	3.8895345	1.3318316
BDX09	1.8545158	9.048604	-1.6648265	4.7317734	1.1890683	1.7777785	3.9576125	1.312143
AN03	1.8313454	9.063893	-1.661457	4.7001624	1.2294735	1.7601639	3.93271	1.3493943
NILS45	2.1833186	3.024417	1.1783144	8.080843	-3.685665	9.051804	6.8469563	6.456852
ROAR012	2.1422205	3.1277516	1.0724028	8.063615	-3.7712862	8.973195	6.893582	6.5385604
ROAR029	2.023051	3.107626	1.0905424	7.916127	-3.5907466	9.115829	7.005609	6.5214972
ROAR059	2.1534455	3.2290857	0.9659113	7.971565	-3.7173874	9.003718	6.877653	6.7366834
ROAR131	2.188868	3.173158	1.0230756	8.022533	-3.5919173	9.125768	6.840566	6.6203656
ECOR-31	2.1052465	3.164019	1.0293761	7.9670076	-3.6176245	9.05284	6.9243584	6.670059
LMR-3158	2.1257553	3.1782417	1.0181204	7.964853	-3.6483853	9.069446	6.904347	6.6778293
B6A1	2.0858116	3.0409114	1.1588339	8.018075	-3.7065697	9.03881	6.943858	6.5403996
ROAR387	2.2204702	3.1259344	1.0729373	8.062791	-3.6510544	9.099102	6.808976	6.535023
ROAR036	2.063249	3.084972	1.1114311	7.930725	-3.691833	9.012331	6.9662166	6.682162
EC6230	2.0171309	3.034283	1.1618335	7.851715	-3.7447128	8.944754	7.015981	6.782287
IAI50	2.150154	3.1477911	1.0510323	7.9543357	-3.6789668	9.112392	6.880811	6.592767
ROAR274	2.076143	2.9592385	1.2374755	7.975554	-3.7972546	8.91778	6.9517393	6.6613383
ECOR-42	2.1586657	3.0639627	1.1341419	7.9936023	-3.710866	9.010736	6.870519	6.618174
025-010	2.0904844	3.0584812	1.1376392	7.969858	-3.7036948	9.009582	6.938829	6.616937
NILS05	2.0639117	3.1319408	1.0640228	7.9195085	-3.6416008	9.026373	6.966121	6.689127
EDL933	2.1687157	3.0900238	1.1070726	8.061311	-3.5572503	9.13842	6.8564563	6.4675813
ECOR-37	2.142853	3.146276	1.0503675	8.009981	-3.4839292	9.202696	6.881007	6.462506
IAI05	2.010285	3.0362945	1.163253	7.8912606	-3.6382911	9.043928	7.019588	6.542594
ECOR-24	14.897465	4.3703985	7.326102	8.646265	7.8788314	6.184264	5.5399337	6.306841
IAI03	14.856451	4.3993807	7.3073807	8.667386	7.84558	6.140269	5.5100927	6.3101616
NILS37	14.894105	4.4224825	7.2825537	8.674318	7.8790836	6.1790285	5.5410266	6.333777
IAI16	14.860667	4.3819747	7.3197217	8.646178	7.850353	6.1305647	5.5192227	6.2931213
IAI23	14.8474245	4.3859878	7.317591	8.634821	7.839213	6.124347	5.5071673	6.286082
ECOR-23	14.628815	4.3167744	7.324127	8.475326	7.611309	5.673385	5.406437	5.9717093
IAI17	14.793099	4.715746	6.826851	7.3302803	5.287663	5.7700677	4.5247846	4.7367244
IAI15	14.783311	4.707815	6.823392	7.3312526	5.315903	5.7835517	4.543961	4.7370186
ECOR-11	14.905913	4.7353907	7.0286126	7.3444834	4.855426	5.430973	4.2104216	4.537772
IAI40	14.816512	4.751749	7.004128	7.2601323	4.844862	5.446523	4.28868	4.553981
IAI37	14.843238	4.816267	6.943571	7.3054605	4.800484	5.5359845	4.2390957	4.581126
NILS09	14.801567	4.6842837	6.914243	7.2931337	4.879541	5.5435395	4.2867184	4.509
NILS30	14.821881	4.723751	6.944192	7.2918706	4.848793	5.515825	4.257134	4.515731
NILS32	14.8118	4.670444	6.907242	7.3073473	4.8896832	5.545087	4.2442603	4.4653835
IAI10	14.799718	4.7700744	6.8950877	7.2952285	5.0868115	5.687447	4.416326	4.6388426
IAI31	14.780525	4.7359214	6.8866568	7.2954493	5.1654325	5.731986	4.4539604	4.6165743
NILS16	14.725469	5.0410953	6.9250016	7.1874743	4.6875577	5.588321	4.290758	4.55827
NIC06	14.777948	5.0300884	6.9303045	7.1968455	4.605543	5.5700555	4.2804427	4.6048307
IAI34	14.808096	4.904882	6.8852816	7.316651	4.7916374	5.668536	4.385519	4.6926417
NILS06	14.781055	5.023166	6.991657	7.1585712	4.711527	5.538417	4.2557826	4.6461143
NILS22	14.768193	4.9786944	6.9210835	7.227325	4.6931996	5.5755234	4.3227015	4.611359
H27	14.761543	5.006175	6.8908496	7.2093368	4.6616616	5.6312118	4.3335958	4.606207
IAI04	14.753203	5.0140424	6.9568634	7.240517	4.671871	5.596481	4.281057	4.648813
AN24	14.774212	4.9871116	6.9432135	7.233297	4.7199297	5.592325	4.3241153	4.648153
NAN33	14.814526	4.9379168	6.996859	7.2677703	4.6598363	5.51751	4.2251906	4.669686
